{"cameraMode":{"drawMode":0,"name":"Shaded","section":"Shading Mode"},"sceneLighting":false,"audioPlay":false,"sceneViewState":{"showFog":true,"showMaterialUpdate":false,"showSkybox":false,"showFlares":true,"showImageEffects":true,"showParticleSystems":true},"in2DMode":false,"pivot":{"x":-0.05416901409626007,"y":0.09925821423530579,"z":0.00843340065330267},"rotation":{"x":0.000629806483630091,"y":0.9996213912963867,"z":-0.030006105080246927,"w":0.01774504967033863},"size":0.8388674855232239,"orthographic":false}