{"cameraMode":{"drawMode":0,"name":"Shaded","section":"Shading Mode"},"sceneLighting":false,"audioPlay":false,"sceneViewState":{"showFog":true,"showMaterialUpdate":false,"showSkybox":false,"showFlares":true,"showImageEffects":true,"showParticleSystems":true},"in2DMode":false,"pivot":{"x":17.732131958007814,"y":-7.54925537109375,"z":-10.9468994140625},"rotation":{"x":-0.05372622609138489,"y":-0.14270134270191194,"z":0.007756955921649933,"w":-0.9882800579071045},"size":430.2343444824219,"orthographic":false}