{"cameraMode":{"drawMode":0,"name":"Shaded","section":"Shading Mode"},"sceneLighting":false,"audioPlay":false,"sceneViewState":{"showFog":true,"showMaterialUpdate":false,"showSkybox":false,"showFlares":true,"showImageEffects":true,"showParticleSystems":true},"in2DMode":false,"pivot":{"x":-78.77068328857422,"y":27.698974609375,"z":96.06527709960938},"rotation":{"x":-0.17726437747478486,"y":0.00826349202543497,"z":-0.0014973152428865433,"w":-0.9841448664665222},"size":97.26305389404297,"orthographic":false}