{"cameraMode":{"drawMode":0,"name":"Shaded","section":"Shading Mode"},"sceneLighting":false,"audioPlay":false,"sceneViewState":{"showFog":true,"showMaterialUpdate":false,"showSkybox":false,"showFlares":true,"showImageEffects":true,"showParticleSystems":true},"in2DMode":false,"pivot":{"x":-0.11328813433647156,"y":-0.24408885836601258,"z":-0.8191596865653992},"rotation":{"x":-0.018160156905651094,"y":0.9741861820220947,"z":-0.20887123048305512,"w":-0.08466436713933945},"size":0.7071921229362488,"orthographic":false}