{"cameraMode":{"drawMode":0,"name":"Shaded","section":"Shading Mode"},"sceneLighting":false,"audioPlay":false,"sceneViewState":{"showFog":true,"showMaterialUpdate":false,"showSkybox":false,"showFlares":true,"showImageEffects":true,"showParticleSystems":true},"in2DMode":false,"pivot":{"x":-0.010541648603975773,"y":0.012835796922445298,"z":-0.10704586654901505},"rotation":{"x":0.0027881416026502849,"y":-0.9956264495849609,"z":0.03289884701371193,"w":0.09054296463727951},"size":0.35324329137802126,"orthographic":false}