{"cameraMode":{"drawMode":0,"name":"Shaded","section":"Shading Mode"},"sceneLighting":false,"audioPlay":false,"sceneViewState":{"showFog":true,"showMaterialUpdate":false,"showSkybox":false,"showFlares":true,"showImageEffects":true,"showParticleSystems":true},"in2DMode":false,"pivot":{"x":-104.05037689208985,"y":-49.62602615356445,"z":89.79920959472656},"rotation":{"x":0.04074060544371605,"y":0.04434809461236,"z":0.001789592788554728,"w":-0.9982024431228638},"size":30.41404914855957,"orthographic":false}