{"cameraMode":{"drawMode":0,"name":"Shaded","section":"Shading Mode"},"sceneLighting":false,"audioPlay":false,"sceneViewState":{"showFog":true,"showMaterialUpdate":false,"showSkybox":false,"showFlares":true,"showImageEffects":true,"showParticleSystems":true},"in2DMode":false,"pivot":{"x":14.11810302734375,"y":0.0,"z":108.42619323730469},"rotation":{"x":-0.08359609544277191,"y":-0.020031746476888658,"z":0.0016768380301073194,"w":-0.9963049292564392},"size":53.98537063598633,"orthographic":false}