{"cameraMode":{"drawMode":0,"name":"Shaded","section":"Shading Mode"},"sceneLighting":false,"audioPlay":false,"sceneViewState":{"showFog":true,"showMaterialUpdate":false,"showSkybox":false,"showFlares":true,"showImageEffects":true,"showParticleSystems":true},"in2DMode":false,"pivot":{"x":-120.54286193847656,"y":-17.066843032836915,"z":85.56304931640625},"rotation":{"x":0.04074060544371605,"y":0.04434809461236,"z":0.001789592788554728,"w":-0.9982024431228638},"size":23.072492599487306,"orthographic":false}