{"cameraMode":{"drawMode":0,"name":"Shaded","section":"Shading Mode"},"sceneLighting":false,"audioPlay":false,"sceneViewState":{"showFog":true,"showMaterialUpdate":false,"showSkybox":false,"showFlares":true,"showImageEffects":true,"showParticleSystems":true},"in2DMode":false,"pivot":{"x":-0.8136327266693115,"y":-0.3782394528388977,"z":-0.7647576332092285},"rotation":{"x":0.08444912731647492,"y":-0.8973696231842041,"z":0.19512297213077546,"w":0.38714471459388735},"size":0.7312267422676086,"orthographic":false}