{"cameraMode":{"drawMode":0,"name":"Shaded","section":"Shading Mode"},"sceneLighting":false,"audioPlay":false,"sceneViewState":{"showFog":true,"showMaterialUpdate":false,"showSkybox":false,"showFlares":true,"showImageEffects":true,"showParticleSystems":true},"in2DMode":false,"pivot":{"x":73.70466613769531,"y":11.598831176757813,"z":92.62837219238281},"rotation":{"x":-0.17726437747478486,"y":0.00826349202543497,"z":-0.0014973152428865433,"w":-0.9841448664665222},"size":201.4632110595703,"orthographic":false}