{"cameraMode":{"drawMode":0,"name":"Shaded","section":"Shading Mode"},"sceneLighting":false,"audioPlay":false,"sceneViewState":{"showFog":true,"showMaterialUpdate":false,"showSkybox":false,"showFlares":true,"showImageEffects":true,"showParticleSystems":true},"in2DMode":false,"pivot":{"x":0.4233338236808777,"y":18.36878204345703,"z":64.09494018554688},"rotation":{"x":0.030280405655503274,"y":0.018887806683778764,"z":0.0005694050923921168,"w":-0.999374270439148},"size":11.378546714782715,"orthographic":false}