{"cameraMode":{"drawMode":0,"name":"Shaded","section":"Shading Mode"},"sceneLighting":false,"audioPlay":false,"sceneViewState":{"showFog":true,"showMaterialUpdate":false,"showSkybox":false,"showFlares":true,"showImageEffects":true,"showParticleSystems":true},"in2DMode":false,"pivot":{"x":628.693115234375,"y":1822.1934814453125,"z":550.1097412109375},"rotation":{"x":0.08902618288993836,"y":-0.11150498688220978,"z":0.0100350771099329,"w":0.9897237420082092},"size":2452.363037109375,"orthographic":false}