{"cameraMode":{"drawMode":0,"name":"Shaded","section":"Shading Mode"},"sceneLighting":false,"audioPlay":false,"sceneViewState":{"showFog":true,"showMaterialUpdate":false,"showSkybox":false,"showFlares":true,"showImageEffects":true,"showParticleSystems":true},"in2DMode":false,"pivot":{"x":26.553245544433595,"y":1.9003524780273438,"z":88.22557067871094},"rotation":{"x":-0.17726437747478486,"y":0.00826349202543497,"z":-0.0014973152428865433,"w":-0.9841448664665222},"size":176.54153442382813,"orthographic":false}