{"cameraMode":{"drawMode":0,"name":"Shaded","section":"Shading Mode"},"sceneLighting":false,"audioPlay":false,"sceneViewState":{"showFog":true,"showMaterialUpdate":false,"showSkybox":false,"showFlares":true,"showImageEffects":true,"showParticleSystems":true},"in2DMode":false,"pivot":{"x":-0.8136327266693115,"y":-0.3782394528388977,"z":-0.7647576332092285},"rotation":{"x":0.04244742915034294,"y":-0.9340618252754211,"z":0.11800292879343033,"w":0.3349616825580597},"size":1.0312271118164063,"orthographic":false}