{"cameraMode":{"drawMode":0,"name":"Shaded","section":"Shading Mode"},"sceneLighting":false,"audioPlay":false,"sceneViewState":{"showFog":true,"showMaterialUpdate":false,"showSkybox":false,"showFlares":true,"showImageEffects":true,"showParticleSystems":true},"in2DMode":false,"pivot":{"x":-0.006613984704017639,"y":0.020910490304231645,"z":0.011715598404407502},"rotation":{"x":-0.04634825140237808,"y":0.9524496793746948,"z":-0.18693940341472627,"w":-0.23612511157989503},"size":0.16526269912719727,"orthographic":false}