{"cameraMode":{"drawMode":0,"name":"Shaded","section":"Shading Mode"},"sceneLighting":false,"audioPlay":false,"sceneViewState":{"showFog":true,"showMaterialUpdate":false,"showSkybox":false,"showFlares":true,"showImageEffects":true,"showParticleSystems":true},"in2DMode":false,"pivot":{"x":-0.2550048828125,"y":0.021270751953125,"z":18.50457763671875},"rotation":{"x":0.14674599468708039,"y":-0.6119621396064758,"z":0.11687310039997101,"w":0.768320620059967},"size":520.9346923828125,"orthographic":false}