{"cameraMode":{"drawMode":0,"name":"Shaded","section":"Shading Mode"},"sceneLighting":true,"audioPlay":false,"sceneViewState":{"showFog":true,"showMaterialUpdate":false,"showSkybox":true,"showFlares":true,"showImageEffects":true,"showParticleSystems":true},"in2DMode":false,"pivot":{"x":677.4315185546875,"y":2010.131103515625,"z":1847.200927734375},"rotation":{"x":-0.0812116414308548,"y":-0.014354826882481575,"z":0.0011697951704263688,"w":-0.996593177318573},"size":1919.1298828125,"orthographic":false}